mode_id,model,total_attempts,successful_attempts,failed_attempts,success_rate,average_time_seconds_success_only,min_time_seconds_success_only,max_time_seconds_success_only,avg_tokens_per_second_success_only,avg_total_duration_ns_success_only,avg_prompt_eval_count_success_only,avg_eval_count_success_only,avg_gpu_utilization_percent_success_only,avg_gpu_memory_used_mib_success_only,avg_gpu_temperature_c_success_only,avg_gpu_power_draw_w_success_only,avg_gpu_energy_wh_success_only,processor,loaded_size,context,done_reason_main_success_only,done_reason_success_only_unique_count,done_reason_success_only_counts,postprocessing_success_only_main,postprocessing_success_only_unique_count,postprocessing_success_only_counts
grammar_conditionals_1_2_3,Bielik-4.5B-v3.0-Instruct-GGUF_Q8_0,100,79,21,0.79,30.8126,24.186,39.713,47.4484,28756887772.15,461.0,1079.7722,92.9918,5159.3119,64.0841,62.4676,0.456894,100% GPU,5.2 GB,2048,stop,1,"{""stop"": 79}",json_parsed_without_cleanup,1,"{""json_parsed_without_cleanup"": 79}"
grammar_conditionals_1_2_3,deepseek-r1_8b,100,48,52,0.48,16.7928,15.457,20.755,40.3282,14732762477.08,234.0,521.5625,90.8989,5267.3516,60.3256,61.5308,0.227395,100% GPU,5.7 GB,2048,stop,1,"{""stop"": 48}",json_parsed_without_cleanup,1,"{""json_parsed_without_cleanup"": 48}"
grammar_conditionals_1_2_3,llama3.1_8b,100,100,0,1.0,22.8067,20.041,29.106,31.8271,20752075265.0,242.0,581.23,57.3793,5150.412,64.7803,60.5583,0.312909,8%/92% CPU/GPU,5.6 GB,2048,stop,1,"{""stop"": 100}",json_parsed_without_cleanup,1,"{""json_parsed_without_cleanup"": 100}"
grammar_conditionals_1_2_3,ministral-3_3b,100,64,36,0.64,9.9613,9.168,11.473,72.1532,7911739528.12,241.0,531.7812,82.5928,4378.0,56.3157,62.295,0.117633,100% GPU,4.7 GB,2048,stop,1,"{""stop"": 64}",removed_markdown_code_fences,1,"{""removed_markdown_code_fences"": 64}"
grammar_conditionals_1_2_3,qwen3.5_4b,100,100,0,1.0,24.3168,22.752,29.164,26.9347,22267125841.0,274.0,563.65,48.8266,4300.2661,66.1148,61.057,0.337782,30%/70% CPU/GPU,6.2 GB,2048,stop,1,"{""stop"": 100}",json_parsed_without_cleanup,1,"{""json_parsed_without_cleanup"": 100}"
grammar_gerund_vs_infinitive,Bielik-4.5B-v3.0-Instruct-GGUF_Q8_0,100,82,18,0.82,25.5144,23.459,38.205,48.2898,23460503064.63,479.0,882.6707,93.4557,5162.0,62.9508,62.8704,0.372917,100% GPU,5.2 GB,2048,stop,1,"{""stop"": 82}",json_parsed_without_cleanup,1,"{""json_parsed_without_cleanup"": 82}"
grammar_gerund_vs_infinitive,deepseek-r1_8b,100,69,31,0.69,14.384,13.819,14.813,39.9682,12334298618.84,245.0,436.7681,90.5644,5274.0,60.2817,61.7068,0.188529,100% GPU,5.7 GB,2048,stop,1,"{""stop"": 69}",json_parsed_without_cleanup,1,"{""json_parsed_without_cleanup"": 69}"
grammar_gerund_vs_infinitive,llama3.1_8b,100,100,0,1.0,18.4623,12.069,20.989,31.8297,16409608983.0,253.0,455.99,56.5183,5154.0,64.9915,60.642,0.246251,8%/92% CPU/GPU,5.6 GB,2048,stop,1,"{""stop"": 100}",json_parsed_without_cleanup,1,"{""json_parsed_without_cleanup"": 100}"
grammar_gerund_vs_infinitive,ministral-3_3b,100,88,12,0.88,10.4379,9.381,11.462,72.2158,8385808397.73,254.0,565.2273,84.0807,4378.0,56.9701,62.1615,0.125755,100% GPU,4.7 GB,2048,stop,1,"{""stop"": 88}",removed_markdown_code_fences,1,"{""removed_markdown_code_fences"": 88}"
grammar_gerund_vs_infinitive,qwen3.5_4b,100,100,0,1.0,24.1527,21.775,27.496,26.923,22103548603.0,285.0,560.24,48.768,4302.0,66.5949,60.9419,0.335802,30%/70% CPU/GPU,6.2 GB,2048,stop,1,"{""stop"": 100}",json_parsed_without_cleanup,1,"{""json_parsed_without_cleanup"": 100}"
grammar_past_simple_vs_present_perfect,Bielik-4.5B-v3.0-Instruct-GGUF_Q8_0,100,69,31,0.69,27.4506,23.498,34.998,49.459,25390228721.74,483.0,954.7971,92.7777,5162.0,64.1,62.6014,0.404238,100% GPU,5.2 GB,2048,stop,1,"{""stop"": 69}",json_parsed_without_cleanup,1,"{""json_parsed_without_cleanup"": 69}"
grammar_past_simple_vs_present_perfect,deepseek-r1_8b,100,79,21,0.79,15.3483,14.403,18.746,39.9424,13296781540.51,249.0,472.7342,90.7429,5274.0011,60.3965,61.6523,0.203959,100% GPU,5.7 GB,2048,stop,1,"{""stop"": 79}",json_parsed_without_cleanup,1,"{""json_parsed_without_cleanup"": 79}"
grammar_past_simple_vs_present_perfect,llama3.1_8b,100,100,0,1.0,19.4625,16.008,20.821,31.6938,17405176508.0,255.0,486.59,56.9481,5154.0,64.5221,60.6633,0.261189,8%/92% CPU/GPU,5.6 GB,2048,stop,1,"{""stop"": 100}",json_parsed_without_cleanup,1,"{""json_parsed_without_cleanup"": 100}"
grammar_past_simple_vs_present_perfect,ministral-3_3b,100,53,47,0.53,9.7922,8.842,11.21,72.2956,7739118875.47,259.0,520.3962,83.0896,4378.0,56.4753,62.1794,0.115645,100% GPU,4.7 GB,2048,stop,1,"{""stop"": 53}",removed_markdown_code_fences,1,"{""removed_markdown_code_fences"": 53}"
grammar_past_simple_vs_present_perfect,qwen3.5_4b,100,99,1,0.99,22.1256,20.666,27.099,27.0104,20074238232.32,289.0,507.8081,48.7346,4303.9989,65.7756,60.9722,0.303138,30%/70% CPU/GPU,6.2 GB,2048,stop,1,"{""stop"": 99}",json_parsed_without_cleanup,1,"{""json_parsed_without_cleanup"": 99}"
grammar_simple_vs_continuous,Bielik-4.5B-v3.0-Instruct-GGUF_Q8_0,100,98,2,0.98,27.4853,23.535,35.949,48.5002,25425478565.31,476.0,956.7347,93.238,5162.0,63.7188,62.7131,0.404387,100% GPU,5.2 GB,2048,stop,1,"{""stop"": 98}",json_parsed_without_cleanup,1,"{""json_parsed_without_cleanup"": 98}"
grammar_simple_vs_continuous,deepseek-r1_8b,100,70,30,0.7,15.1544,13.893,18.185,40.2272,13105759274.29,232.0,466.0429,91.1802,5274.0,60.1356,61.6384,0.200303,100% GPU,5.7 GB,2048,stop,1,"{""stop"": 70}",json_parsed_without_cleanup,1,"{""json_parsed_without_cleanup"": 70}"
grammar_simple_vs_continuous,llama3.1_8b,100,100,0,1.0,18.4043,11.031,20.835,32.0184,16350456145.0,240.0,456.44,57.0707,5155.9988,64.4215,60.6472,0.244949,8%/92% CPU/GPU,5.6 GB,2048,stop,1,"{""stop"": 100}",json_parsed_without_cleanup,1,"{""json_parsed_without_cleanup"": 100}"
grammar_simple_vs_continuous,ministral-3_3b,100,65,35,0.65,11.848,9.253,14.592,72.3538,9796669409.23,242.0,665.8769,84.2036,4378.0,57.5262,62.1272,0.148142,100% GPU,4.7 GB,2048,stop,1,"{""stop"": 65}",removed_markdown_code_fences,1,"{""removed_markdown_code_fences"": 65}"
grammar_simple_vs_continuous,qwen3.5_4b,100,100,0,1.0,23.1031,22.136,24.097,26.9904,21056548315.0,272.0,534.12,48.7721,4304.0,65.8763,60.9797,0.318444,30%/70% CPU/GPU,6.2 GB,2048,stop,1,"{""stop"": 100}",json_parsed_without_cleanup,1,"{""json_parsed_without_cleanup"": 100}"
test_section_1,Bielik-4.5B-v3.0-Instruct-GGUF_Q8_0,100,64,36,0.64,41.0162,30.921,49.657,49.1735,38956532545.31,1380.0,1410.7969,93.7379,5121.6662,66.5205,62.5226,0.624039,100% GPU,5.2 GB,2048,stop,1,"{""stop"": 64}",json_parsed_without_cleanup,1,"{""json_parsed_without_cleanup"": 64}"
test_section_1,deepseek-r1_8b,100,100,0,1.0,22.143,19.882,30.661,40.7995,20085413303.0,726.0,706.32,91.5065,5231.67,63.6721,61.4232,0.312315,100% GPU,5.7 GB,2048,stop,1,"{""stop"": 100}",removed_markdown_code_fences,2,"{""removed_markdown_code_fences"": 88, ""json_parsed_without_cleanup"": 12}"
test_section_1,llama3.1_8b,100,100,0,1.0,23.9922,21.669,29.797,33.5976,21935633421.0,733.0,611.98,57.9374,5112.3167,64.99,60.6179,0.334329,8%/92% CPU/GPU,5.6 GB,2048,stop,1,"{""stop"": 100}",json_parsed_without_cleanup,1,"{""json_parsed_without_cleanup"": 100}"
test_section_1,ministral-3_3b,100,71,29,0.71,13.1672,10.99,16.494,71.4006,11121636807.04,733.0,745.5775,85.4288,4369.1155,59.9549,62.0251,0.169794,100% GPU,4.7 GB,2048,stop,1,"{""stop"": 71}",removed_markdown_code_fences,1,"{""removed_markdown_code_fences"": 71}"
test_section_1,qwen3.5_4b,100,94,6,0.94,26.3162,22.64,33.45,38.4557,24262786287.23,793.0,863.8617,80.6076,5393.6246,65.8057,62.4025,0.383439,100% GPU,6.1 GB,2048,stop,1,"{""stop"": 94}",json_parsed_without_cleanup,1,"{""json_parsed_without_cleanup"": 94}"
test_section_2,Bielik-4.5B-v3.0-Instruct-GGUF_Q8_0,100,74,26,0.74,45.9176,34.871,56.421,49.0764,43859501322.97,1357.0,1601.0946,94.0127,5122.0,66.5266,62.6344,0.705587,100% GPU,5.2 GB,2048,stop,1,"{""stop"": 74}",json_parsed_without_cleanup,3,"{""json_parsed_without_cleanup"": 69, ""removed_markdown_code_fences"": 4, ""trimmed_trailing_text_after_json"": 1}"
test_section_2,deepseek-r1_8b,100,92,8,0.92,28.3494,22.627,59.591,40.1581,26293572835.87,722.0,925.8804,92.3136,5234.0,64.813,61.4244,0.410231,100% GPU,5.7 GB,2048,stop,2,"{""stop"": 89, ""length"": 3}",removed_markdown_code_fences,3,"{""removed_markdown_code_fences"": 81, ""trimmed_trailing_text_after_json"": 3, ""json_parsed_without_cleanup"": 11}"
test_section_2,llama3.1_8b,100,97,3,0.97,26.732,24.442,40.473,33.3371,24676280009.28,728.0,691.3093,57.7115,5115.9991,65.0854,60.6114,0.378885,8%/92% CPU/GPU,5.6 GB,2048,stop,1,"{""stop"": 97}",json_parsed_without_cleanup,1,"{""json_parsed_without_cleanup"": 97}"
test_section_2,ministral-3_3b,100,69,31,0.69,13.3963,12.825,14.722,71.3969,11347150862.32,730.0,765.2464,86.3675,4338.0,59.3846,62.0982,0.174235,100% GPU,4.7 GB,2048,stop,1,"{""stop"": 69}",removed_markdown_code_fences,1,"{""removed_markdown_code_fences"": 69}"
test_section_2,qwen3.5_4b,100,98,2,0.98,25.2409,21.049,37.125,38.4979,23192029657.14,789.0,825.4184,80.5249,5396.0,66.3902,62.4016,0.366115,100% GPU,6.1 GB,2048,stop,1,"{""stop"": 98}",json_parsed_without_cleanup,1,"{""json_parsed_without_cleanup"": 98}"
test_section_3,Bielik-4.5B-v3.0-Instruct-GGUF_Q8_0,100,24,76,0.24,50.6487,40.797,56.738,49.3687,48595988950.0,1362.0,1780.625,94.2559,5122.0,65.9671,62.557,0.784151,100% GPU,5.2 GB,2048,stop,2,"{""stop"": 22, ""length"": 2}",removed_markdown_code_fences,3,"{""removed_markdown_code_fences"": 11, ""json_parsed_without_cleanup"": 9, ""trimmed_trailing_text_after_json"": 4}"
test_section_3,deepseek-r1_8b,100,98,2,0.98,28.4609,23.737,38.164,40.3433,26401169246.94,718.0,934.1939,92.1071,5234.0,64.0881,61.466,0.414299,100% GPU,5.7 GB,2048,stop,1,"{""stop"": 98}",removed_markdown_code_fences,1,"{""removed_markdown_code_fences"": 98}"
test_section_3,llama3.1_8b,100,99,1,0.99,27.6028,24.854,45.912,33.5419,25550415378.79,724.0,716.5354,57.8225,5116.0,65.1852,60.6989,0.393249,8%/92% CPU/GPU,5.6 GB,2048,stop,1,"{""stop"": 99}",json_parsed_without_cleanup,1,"{""json_parsed_without_cleanup"": 99}"
test_section_3,ministral-3_3b,100,60,40,0.6,14.5986,12.841,19.752,71.4314,12550752493.33,725.0,848.05,86.1202,4338.0,60.0894,62.0828,0.192005,100% GPU,4.7 GB,2048,stop,1,"{""stop"": 60}",removed_markdown_code_fences,1,"{""removed_markdown_code_fences"": 60}"
test_section_3,qwen3.5_4b,100,99,1,0.99,24.0555,21.359,26.078,38.5492,21998535472.73,785.0,783.6768,80.4145,5396.0,66.0705,62.4605,0.347517,100% GPU,6.1 GB,2048,stop,1,"{""stop"": 99}",json_parsed_without_cleanup,1,"{""json_parsed_without_cleanup"": 99}"
test_section_4,Bielik-4.5B-v3.0-Instruct-GGUF_Q8_0,100,53,47,0.53,30.7742,20.942,39.004,49.0737,28717273303.77,1398.0,1027.8679,93.5686,5122.0,66.4404,62.5441,0.459922,100% GPU,5.2 GB,2048,stop,1,"{""stop"": 53}",json_parsed_without_cleanup,1,"{""json_parsed_without_cleanup"": 53}"
test_section_4,deepseek-r1_8b,100,99,1,0.99,22.4815,15.055,34.842,40.3852,20418347800.0,739.0,720.2929,91.7081,5234.6061,63.289,61.5101,0.319111,100% GPU,5.7 GB,2048,stop,1,"{""stop"": 99}",removed_markdown_code_fences,2,"{""json_parsed_without_cleanup"": 31, ""removed_markdown_code_fences"": 68}"
test_section_4,llama3.1_8b,100,79,21,0.79,23.557,15.576,31.178,33.2011,21499858315.19,746.0,601.481,57.6242,5116.0,65.2711,60.646,0.328545,8%/92% CPU/GPU,5.6 GB,2048,stop,1,"{""stop"": 79}",json_parsed_without_cleanup,1,"{""json_parsed_without_cleanup"": 79}"
test_section_4,ministral-3_3b,100,84,16,0.84,12.7429,11.379,14.552,71.2346,10690558841.67,743.0,718.1071,86.0844,4338.0,59.7637,62.0285,0.163022,100% GPU,4.7 GB,2048,stop,1,"{""stop"": 84}",removed_markdown_code_fences,1,"{""removed_markdown_code_fences"": 84}"
test_section_4,qwen3.5_4b,100,100,0,1.0,20.9463,15.111,29.069,38.4436,18889258685.0,806.0,667.03,79.9874,5397.9991,65.1527,62.5311,0.296123,100% GPU,6.1 GB,2048,stop,1,"{""stop"": 100}",json_parsed_without_cleanup,1,"{""json_parsed_without_cleanup"": 100}"
test_section_5,Bielik-4.5B-v3.0-Instruct-GGUF_Q8_0,100,47,53,0.47,35.5877,29.701,43.001,49.5328,33529633674.47,1351.0,1212.2979,93.7485,5122.0,66.186,62.5624,0.535804,100% GPU,5.2 GB,2048,stop,1,"{""stop"": 47}",json_parsed_without_cleanup,2,"{""json_parsed_without_cleanup"": 46, ""trimmed_trailing_text_after_json"": 1}"
test_section_5,deepseek-r1_8b,100,100,0,1.0,23.009,18.911,33.303,40.708,20952567277.0,714.0,739.82,91.6152,5234.0,63.2055,61.5129,0.327189,100% GPU,5.7 GB,2048,stop,1,"{""stop"": 100}",json_parsed_without_cleanup,2,"{""json_parsed_without_cleanup"": 64, ""removed_markdown_code_fences"": 36}"
test_section_5,llama3.1_8b,100,39,61,0.39,24.2684,21.646,28.706,33.1505,22212160087.18,721.0,620.7436,57.786,5116.0,65.4892,60.6146,0.339252,8%/92% CPU/GPU,5.6 GB,2048,stop,1,"{""stop"": 39}",json_parsed_without_cleanup,1,"{""json_parsed_without_cleanup"": 39}"
test_section_5,ministral-3_3b,100,0,100,0.0,,,,,,,,,,,,,,,,,0,{},,0,{}
test_section_5,qwen3.5_4b,100,100,0,1.0,27.4591,23.6,32.646,38.4814,25403736230.0,781.0,908.88,80.6871,5398.0,66.3335,62.4365,0.401846,100% GPU,6.1 GB,2048,stop,1,"{""stop"": 100}",json_parsed_without_cleanup,1,"{""json_parsed_without_cleanup"": 100}"
test_section_6,Bielik-4.5B-v3.0-Instruct-GGUF_Q8_0,100,60,40,0.6,27.8737,20.832,33.062,49.3282,25817009186.67,1360.0,920.5667,93.2302,5122.0,66.4377,62.4631,0.41156,100% GPU,5.2 GB,2048,stop,1,"{""stop"": 60}",json_parsed_without_cleanup,1,"{""json_parsed_without_cleanup"": 60}"
test_section_6,deepseek-r1_8b,100,99,1,0.99,18.4347,14.614,25.485,40.4331,16373979178.79,717.0,576.7576,90.9707,5234.0,62.257,61.5181,0.253925,100% GPU,5.7 GB,2048,stop,1,"{""stop"": 99}",removed_markdown_code_fences,2,"{""removed_markdown_code_fences"": 91, ""json_parsed_without_cleanup"": 8}"
test_section_6,llama3.1_8b,100,77,23,0.77,21.5974,18.522,26.103,33.3842,19542431194.81,724.0,543.8961,57.7686,5116.0,66.0097,60.5176,0.297344,8%/92% CPU/GPU,5.6 GB,2048,stop,1,"{""stop"": 77}",json_parsed_without_cleanup,1,"{""json_parsed_without_cleanup"": 77}"
test_section_6,ministral-3_3b,100,96,4,0.96,13.2706,11.733,15.1,71.3154,11217974577.08,723.0,755.1042,86.118,4338.0,60.3509,62.1535,0.173367,100% GPU,4.7 GB,2048,stop,1,"{""stop"": 96}",removed_markdown_code_fences,1,"{""removed_markdown_code_fences"": 96}"
test_section_6,qwen3.5_4b,100,100,0,1.0,22.502,18.675,28.734,38.4902,20446244009.0,784.0,726.24,79.9048,5398.0,65.7122,62.5114,0.321412,100% GPU,6.1 GB,2048,stop,1,"{""stop"": 100}",json_parsed_without_cleanup,1,"{""json_parsed_without_cleanup"": 100}"
test_section_7,Bielik-4.5B-v3.0-Instruct-GGUF_Q8_0,100,34,66,0.34,27.9003,25.71,29.989,49.4822,25848850438.24,1358.0,920.6176,93.4936,5122.0,66.2769,62.5271,0.409091,100% GPU,5.2 GB,2048,stop,1,"{""stop"": 34}",json_parsed_without_cleanup,1,"{""json_parsed_without_cleanup"": 34}"
test_section_7,deepseek-r1_8b,100,100,0,1.0,14.8398,12.835,18.191,40.3089,12781233698.0,711.0,448.52,90.3741,5234.0,61.0537,61.6264,0.196343,100% GPU,5.7 GB,2048,stop,1,"{""stop"": 100}",removed_markdown_code_fences,2,"{""json_parsed_without_cleanup"": 28, ""removed_markdown_code_fences"": 72}"
test_section_7,llama3.1_8b,100,100,0,1.0,16.1412,14.864,24.724,32.9855,14084172241.0,718.0,388.88,57.166,5116.0,63.9461,60.6707,0.213001,8%/92% CPU/GPU,5.6 GB,2048,stop,1,"{""stop"": 100}",json_parsed_without_cleanup,1,"{""json_parsed_without_cleanup"": 100}"
test_section_7,ministral-3_3b,100,72,28,0.72,9.7845,8.691,11.55,71.3028,7729673265.28,717.0,512.6111,84.7799,4338.0,57.8954,62.136,0.115783,100% GPU,4.7 GB,2048,stop,1,"{""stop"": 72}",removed_markdown_code_fences,1,"{""removed_markdown_code_fences"": 72}"
test_section_7,qwen3.5_4b,100,100,0,1.0,16.6804,15.043,19.931,38.5917,14620286270.0,778.0,511.49,79.5328,5398.0,63.9457,62.5973,0.228274,100% GPU,6.1 GB,2048,stop,1,"{""stop"": 100}",json_parsed_without_cleanup,1,"{""json_parsed_without_cleanup"": 100}"
vocabulary_antonym,Bielik-4.5B-v3.0-Instruct-GGUF_Q8_0,100,99,1,0.99,11.3607,11.135,11.865,47.509,9302438715.15,383.0,343.0606,90.687,5122.0,61.3973,62.6394,0.140348,100% GPU,5.2 GB,2048,stop,1,"{""stop"": 99}",json_parsed_without_cleanup,1,"{""json_parsed_without_cleanup"": 99}"
vocabulary_antonym,deepseek-r1_8b,100,98,2,0.98,7.6755,7.295,8.165,41.1617,5615454248.98,197.0,191.1531,85.2622,5235.9966,56.7837,62.1979,0.083721,100% GPU,5.7 GB,2048,stop,1,"{""stop"": 98}",json_parsed_without_cleanup,1,"{""json_parsed_without_cleanup"": 98}"
vocabulary_antonym,llama3.1_8b,100,100,0,1.0,8.9769,8.594,9.958,31.9002,6918582237.0,202.0,186.23,56.1886,5116.0,61.4657,60.8917,0.102493,8%/92% CPU/GPU,5.6 GB,2048,stop,1,"{""stop"": 100}",json_parsed_without_cleanup,1,"{""json_parsed_without_cleanup"": 100}"
vocabulary_antonym,ministral-3_3b,100,96,4,0.96,5.2735,5.072,5.519,69.749,3218213512.5,197.0,195.6146,72.7656,4338.0,52.6719,62.5065,0.039937,100% GPU,4.7 GB,2048,stop,1,"{""stop"": 96}",json_parsed_without_cleanup,1,"{""json_parsed_without_cleanup"": 96}"
vocabulary_antonym,qwen3.5_4b,100,100,0,1.0,8.3479,8.113,8.988,40.0288,6293213437.0,222.0,211.13,77.0941,5396.0,59.3712,62.9314,0.088608,100% GPU,6.1 GB,2048,stop,1,"{""stop"": 100}",json_parsed_without_cleanup,1,"{""json_parsed_without_cleanup"": 100}"
vocabulary_definition,Bielik-4.5B-v3.0-Instruct-GGUF_Q8_0,100,88,12,0.88,17.4176,13.602,24.705,48.4969,15360549675.0,421.0,568.7045,91.6175,5118.7825,64.4726,62.3883,0.239777,100% GPU,5.2 GB,2048,stop,1,"{""stop"": 88}",json_parsed_without_cleanup,1,"{""json_parsed_without_cleanup"": 88}"
vocabulary_definition,deepseek-r1_8b,100,94,6,0.94,9.5126,8.378,14.292,41.1279,7454609596.81,211.0,255.8085,88.5003,5229.1161,59.2925,61.7309,0.10961,100% GPU,5.7 GB,2048,stop,1,"{""stop"": 94}",json_parsed_without_cleanup,1,"{""json_parsed_without_cleanup"": 94}"
vocabulary_definition,llama3.1_8b,100,99,1,0.99,11.8921,10.636,17.339,32.0251,9840619278.79,216.0,268.1414,56.3479,5107.5281,63.8491,60.6244,0.145196,8%/92% CPU/GPU,5.6 GB,2048,stop,1,"{""stop"": 99}",json_parsed_without_cleanup,1,"{""json_parsed_without_cleanup"": 99}"
vocabulary_definition,ministral-3_3b,100,98,2,0.98,7.7324,6.37,9.887,71.1464,5682636331.63,212.0,371.102,80.8306,4338.0,60.1529,62.1138,0.082038,100% GPU,4.7 GB,2048,stop,1,"{""stop"": 98}",json_parsed_without_cleanup,1,"{""json_parsed_without_cleanup"": 98}"
vocabulary_definition,qwen3.5_4b,100,100,0,1.0,11.3252,9.738,15.156,39.8869,9265630969.0,237.0,320.78,78.6625,5390.4833,61.2221,62.7022,0.140206,100% GPU,6.1 GB,2048,stop,1,"{""stop"": 100}",json_parsed_without_cleanup,1,"{""json_parsed_without_cleanup"": 100}"
vocabulary_match,Bielik-4.5B-v3.0-Instruct-GGUF_Q8_0,100,99,1,0.99,9.6748,7.832,15.266,47.8567,7616966327.27,417.0,277.7172,88.787,5122.0,60.2289,62.0231,0.115676,100% GPU,5.2 GB,2048,stop,1,"{""stop"": 99}",json_parsed_without_cleanup,1,"{""json_parsed_without_cleanup"": 99}"
vocabulary_match,deepseek-r1_8b,100,98,2,0.98,7.2637,6.74,8.424,41.0016,5205638052.04,214.0,175.898,85.0337,5234.0,56.4077,62.0967,0.073715,100% GPU,5.7 GB,2048,stop,1,"{""stop"": 98}",json_parsed_without_cleanup,1,"{""json_parsed_without_cleanup"": 98}"
vocabulary_match,llama3.1_8b,100,100,0,1.0,11.6155,9.096,17.939,31.9057,9558320160.0,221.0,262.08,56.5776,5115.9983,63.641,60.7156,0.140974,8%/92% CPU/GPU,5.6 GB,2048,stop,1,"{""stop"": 100}",json_parsed_without_cleanup,1,"{""json_parsed_without_cleanup"": 100}"
vocabulary_match,ministral-3_3b,100,90,10,0.9,5.5854,4.849,6.815,69.7033,3526913856.67,216.0,216.8889,73.5472,4338.0,56.7149,62.1322,0.047533,100% GPU,4.7 GB,2048,stop,1,"{""stop"": 90}",json_parsed_without_cleanup,1,"{""json_parsed_without_cleanup"": 90}"
vocabulary_match,qwen3.5_4b,100,100,0,1.0,7.8555,7.168,8.68,40.2627,5804849235.0,242.0,190.91,77.8465,5396.0,59.5258,62.9781,0.087285,100% GPU,6.1 GB,2048,stop,1,"{""stop"": 100}",json_parsed_without_cleanup,1,"{""json_parsed_without_cleanup"": 100}"
vocabulary_synonym,Bielik-4.5B-v3.0-Instruct-GGUF_Q8_0,100,100,0,1.0,11.5194,11.199,12.725,47.6158,9459926285.0,383.0,348.77,90.5031,5122.0,61.9176,62.4251,0.142376,100% GPU,5.2 GB,2048,stop,1,"{""stop"": 100}",json_parsed_without_cleanup,1,"{""json_parsed_without_cleanup"": 100}"
vocabulary_synonym,deepseek-r1_8b,100,99,1,0.99,7.9159,7.529,8.721,39.9079,5857706147.47,196.0,198.8687,86.238,5234.0,58.5539,61.9513,0.087253,100% GPU,5.7 GB,2048,stop,1,"{""stop"": 99}",json_parsed_without_cleanup,1,"{""json_parsed_without_cleanup"": 99}"
vocabulary_synonym,llama3.1_8b,100,100,0,1.0,9.4861,9.009,9.977,31.8831,7428602425.0,201.0,200.89,56.0564,5116.0,62.2093,60.7898,0.105364,8%/92% CPU/GPU,5.6 GB,2048,stop,1,"{""stop"": 100}",json_parsed_without_cleanup,1,"{""json_parsed_without_cleanup"": 100}"
vocabulary_synonym,ministral-3_3b,100,94,6,0.94,5.4315,5.239,5.799,69.6187,3373385677.66,195.0,206.266,75.7864,4338.0,52.9176,62.4031,0.049392,100% GPU,4.7 GB,2048,stop,1,"{""stop"": 94}",json_parsed_without_cleanup,1,"{""json_parsed_without_cleanup"": 94}"
vocabulary_synonym,qwen3.5_4b,100,100,0,1.0,8.5624,8.255,8.888,40.1211,6513205806.0,221.0,218.71,77.6239,5396.0,59.8936,62.8442,0.096502,100% GPU,6.1 GB,2048,stop,1,"{""stop"": 100}",json_parsed_without_cleanup,1,"{""json_parsed_without_cleanup"": 100}"
writing,Bielik-4.5B-v3.0-Instruct-GGUF_Q8_0,100,100,0,1.0,16.607,16.463,23.008,48.5004,14551139658.0,1083.0,533.89,90.711,5118.8705,63.1565,62.1591,0.228656,100% GPU,5.2 GB,2048,stop,1,"{""stop"": 100}",json_parsed_without_cleanup,1,"{""json_parsed_without_cleanup"": 100}"
writing,deepseek-r1_8b,100,100,0,1.0,22.2424,22.162,25.996,40.6477,20186858336.0,549.0,716.42,90.0175,5231.6709,63.3594,61.5422,0.308491,100% GPU,5.7 GB,2048,stop,1,"{""stop"": 100}",json_parsed_without_cleanup,1,"{""json_parsed_without_cleanup"": 100}"
writing,llama3.1_8b,100,100,0,1.0,20.2328,19.965,26.542,32.1645,18175366029.0,557.0,504.03,57.3222,5112.0768,64.3963,60.6662,0.270383,8%/92% CPU/GPU,5.6 GB,2048,stop,1,"{""stop"": 100}",json_parsed_without_cleanup,1,"{""json_parsed_without_cleanup"": 100}"
writing,ministral-3_3b,100,99,1,0.99,13.5349,13.428,13.714,71.7955,11481330789.9,573.0,780.0,86.3384,4338.0,62.304,62.2643,0.172956,100% GPU,4.7 GB,2048,stop,1,"{""stop"": 99}",removed_markdown_code_fences,1,"{""removed_markdown_code_fences"": 99}"
writing,qwen3.5_4b,100,100,0,1.0,20.8342,20.62,26.455,39.1171,18777133046.0,600.0,680.0,81.2295,5393.2048,65.9137,62.44,0.294255,100% GPU,6.1 GB,2048,stop,1,"{""stop"": 100}",json_parsed_without_cleanup,1,"{""json_parsed_without_cleanup"": 100}"
